{"working_dir":null,"default_chunk_options":{"echo":true},"chunk_definitions":[{"row":7,"row_count":1,"visible":true,"expansion_state":0,"options":{"engine":"r","label":"setup","include":false},"document_id":"9D7B37D4","chunk_id":"csetup_chunk","chunk_label":"setup"},{"row":21,"row_count":1,"visible":true,"expansion_state":0,"options":{"engine":"r","label":"cars"},"document_id":"9D7B37D4","chunk_id":"cql5t5hlseshx","chunk_label":"cars"},{"row":42,"row_count":1,"visible":true,"expansion_state":0,"options":{"engine":"r","label":"unnamed-chunk-1"},"document_id":"9D7B37D4","chunk_id":"c6d7b3chs4gok","chunk_label":"unnamed-chunk-1"},{"row":54,"row_count":1,"visible":true,"expansion_state":0,"options":{"engine":"r","label":"unnamed-chunk-2"},"document_id":"9D7B37D4","chunk_id":"cvizpffe8zykg","chunk_label":"unnamed-chunk-2"},{"row":71,"row_count":1,"visible":true,"expansion_state":0,"options":{"engine":"r","label":"unnamed-chunk-3"},"document_id":"9D7B37D4","chunk_id":"cl1extnevmh0h","chunk_label":"unnamed-chunk-3"}],"doc_write_time":1672045863}