{"working_dir":null,"default_chunk_options":{"echo":true},"chunk_definitions":[{"row":7,"row_count":1,"visible":true,"expansion_state":0,"options":{"engine":"r","label":"setup","include":false},"document_id":"9D7B37D4","chunk_id":"csetup_chunk","chunk_label":"setup"},{"row":21,"row_count":1,"visible":true,"expansion_state":0,"options":{"engine":"r","label":"cars"},"document_id":"9D7B37D4","chunk_id":"c1wz40ekis096","chunk_label":"cars"},{"row":42,"row_count":1,"visible":true,"expansion_state":0,"options":{"engine":"r","label":"unnamed-chunk-2"},"document_id":"9D7B37D4","chunk_id":"cici6wd39phvz","chunk_label":"unnamed-chunk-1"},{"row":54,"row_count":1,"visible":true,"expansion_state":0,"options":{"engine":"r","label":"unnamed-chunk-11"},"document_id":"9D7B37D4","chunk_id":"cc6pxzsiup24c","chunk_label":"unnamed-chunk-2"},{"row":71,"row_count":1,"visible":true,"expansion_state":0,"options":{"engine":"r","label":"unnamed-chunk-26"},"document_id":"9D7B37D4","chunk_id":"ct06ed8nl5uz6","chunk_label":"unnamed-chunk-3"}],"doc_write_time":1672052393}